brand,product_name,full_price_usd,sale_price_usd,image_url
As It May,Emery Beaded Tweed Minidress,$398,$300,/static/images/emery_beaded_tweed_minidress.jpg
Cinq à Sept,Marcie Cross-Front Halter Midi-Dress,$495,$300,/static/images/marcie_crossfront_halter_mididress.jpg
Versace,Gathered Silk Satin Cocktail Minidress,"$4,990","$4,990",/static/images/gathered_silk_satin_cocktail_minidress.jpg
Bride Attire,Bridal Dresses,,,/static/images/bridal_dresses.jpg
Cinq à Sept,Iris Satine Embellished Sheath Minidress,$995,$597,/static/images/iris_satine_embellished_sheath_minidress.jpg
Mac Duggal,Imitation Pearl-Embellished Beaded Minidress,$498,$235,/static/images/imitation_pearlembellished_beaded_minidress.jpg
Elliatt,Sutton Embellished Floral Appliqué Minidress,$235,$164.50,/static/images/sutton_embellished_floral_applique_minidress.jpg
SIMKHAI,Lace Appliqué A-Line Minidress,$895,$358,/static/images/lace_applique_aline_minidress.jpg
Amsale,Bow-Back Mikado Satin Bridal Dress,$550,$300,/static/images/bowback_mikado_satin_bridal_dress.jpg
LaPointe,Satin Feather-Cuff Shift Dress,"$1,850",$300,/static/images/satin_feathercuff_shift_dress.jpg
Milly,Arianna Tulle Flower Beaded Dress,"$1,095",$300,/static/images/arianna_tulle_flower_beaded_dress.jpg
Chiara Boni La Petite Robe,Imera Laser Cut Peplum Gown,"$1,130",$300,/static/images/imera_laser_cut_peplum_gown.jpg
Ramy Brook,Kris Strapless Balloon Minidress,$495,$297,/static/images/kris_strapless_balloon_minidress.jpg
Staud,Las Palmas Beaded Minidress,"$1,595",$300,/static/images/las_palmas_beaded_minidress.jpg
Zimmermann,Rebellion Corded Ramie Gown,"$3,075",$895,/static/images/rebellion_corded_ramie_gown.jpg
Area,Crystal Knot Draped Midi-Dress,$895,$300,/static/images/crystal_knot_draped_mididress.jpg
SACHIN BABI,Daphne Embellished-Tweed Strapless Minidress,$995,$300,/static/images/daphne_embellishedtweed_strapless_minidress.jpg
Staud,Wells Cotton Poplin A-Line Midi-Dress,$285,$300,/static/images/wells_cotton_poplin_aline_mididress.jpg
Zimmermann,Patience Floral Linen Midi-Dress,$995,$995,/static/images/patience_floral_linen_mididress.jpg
Oscar de la Renta,Slubby Tweed Belted Column Day Dress,"$4,890","$2,750",/static/images/slubby_tweed_belted_column_day_dress.jpg
Zimmermann,Rebellion Filigree Linen-Silk Corset Minidress,"$2,750",$298,/static/images/rebellion_filigree_linensilk_corset_minidress.jpg
Hill House Home,The Fiona Dress,$298,$695,/static/images/the_fiona_dress.jpg
SIMKHAI,Annalise Lace Strapless Midi-Dress,$695,"$1,200",/static/images/annalise_lace_strapless_mididress.jpg
Toteme,Satin V-Neck Slip Dress,"$1,200","$1,850",/static/images/satin_vneck_slip_dress.jpg
Zimmermann,Luna Linen-Silk Corset A-Line Midi-Dress,"$1,850","$1,850",/static/images/luna_linensilk_corset_aline_mididress.jpg
ALICE + OLIVIA,Tara Twisting Vines Slipdress,$495,$300,/static/images/tara_twisting_vines_slipdress.jpg
Mac Duggal,Embellished Floral Lace Strapless Bustier Gown,$598,$995,/static/images/embellished_floral_lace_strapless_bustier_gown.jpg
SIMKHAI,Novelle Floral Lace Minidress,$995,$368,/static/images/novelle_floral_lace_minidress.jpg
Dress The Population,Amity Paillette Floral Appliqué Strapless Minidress,$368,$300,/static/images/amity_paillette_floral_applique_strapless_minidress.jpg
Cinq à Sept,Cambree Belted Denim Midi-Dress,$495,$300,/static/images/cambree_belted_denim_mididress.jpg
SIMKHAI,Brionne Scalloped Knit Midi-Dress,$795,$795,/static/images/brionne_scalloped_knit_mididress.jpg
Dress The Population,Sophia Lace Long-Sleeve Midi-Dress,$288,$300,/static/images/sophia_lace_longsleeve_mididress.jpg
Staud,Wylie Stretch-Cotton Midi-Dress,$345,$300,/static/images/wylie_stretchcotton_mididress.jpg
Balmain,Quilted Compact Knit Minidress,"$2,990","$1,290",/static/images/quilted_compact_knit_minidress.jpg
Victoria Beckham,Satin Twist Shoulder Midi-Dress,"$1,290",$300,/static/images/satin_twist_shoulder_mididress.jpg
Theia,Zara Draped Shawl Column Dress,$695,$300,/static/images/zara_draped_shawl_column_dress.jpg
Generation Love,Makaia 3D Butterfly Lace Midi-Dress,$485,$300,/static/images/makaia_3d_butterfly_lace_mididress.jpg
Up to $300 Off with Code MAYGET,Designer Bridal Dresses | Saks Fifth Avenue,,,/static/images/designer_bridal_dresses__saks_fifth_avenue.jpg
Cinq à Sept,Maeva Belted Drop-Waist Minidress,$445,$300,/static/images/maeva_belted_dropwaist_minidress.jpg
Carolina Herrera,Resort Floral Embroidered Cotton Shirtdress,"$2,490","$3,990",/static/images/resort_floral_embroidered_cotton_shirtdress.jpg
Oscar de la Renta,Cyclamen Short-Sleeve Fit & Flare Dress,"$3,990",$350,/static/images/cyclamen_shortsleeve_fit_and_flare_dress.jpg
Milly,Linen A-Line Midi-Dress,$350,$300,/static/images/linen_aline_mididress.jpg
Milly,Petunia Lace Organza Gown,$795,$300,/static/images/petunia_lace_organza_gown.jpg
L'AGENCE,Karma Sequin Maxi Dress,$875,$875,/static/images/karma_sequin_maxi_dress.jpg
Zimmermann,Alchemy Poplin Maxi Dress,"$2,500",$595,/static/images/alchemy_poplin_maxi_dress.jpg
Milly,Myla 3D Floral-Embroidered Minidress,$595,$300,/static/images/myla_3d_floralembroidered_minidress.jpg
Staud,Grier Lace-Trim T-Shirt Dress,$345,$300,/static/images/grier_lacetrim_tshirt_dress.jpg
Cinq à Sept,Jaclyn Lace-Pocket Denim Minidress,$465,$300,/static/images/jaclyn_lacepocket_denim_minidress.jpg
Balmain,Buttoned Knit Tweed Minidress,"$2,850","$1,880",/static/images/buttoned_knit_tweed_minidress.jpg
Isabel Marant,Delvine Cotton Lace Slipdress,"$1,880","$1,880",/static/images/delvine_cotton_lace_slipdress.jpg
Altuzarra,Noor Sequined Draped Cocktail Dress,"$2,995",$300,/static/images/noor_sequined_draped_cocktail_dress.jpg
Balmain,Tweed Fit & Flare Minidress,"$3,490","$1,550",/static/images/tweed_fit_and_flare_minidress.jpg
Zimmermann,Rebellion Corded Corset Minidress,"$1,550",$795,/static/images/rebellion_corded_corset_minidress.jpg
Milly,Norelle Lace Strapless Maxi Dress,$795,$300,/static/images/norelle_lace_strapless_maxi_dress.jpg
Misa Los Angeles,Maxine Jacquard Minidress,$345,$300,/static/images/maxine_jacquard_minidress.jpg
Carolina Herrera,Floral Appliqué Halter Cocktail Dress,"$3,290","$3,290",/static/images/floral_applique_halter_cocktail_dress.jpg
Johanna Ortiz,Aurora Wildly Beautiful Maxi Dress,"$1,995",$300,/static/images/aurora_wildly_beautiful_maxi_dress.jpg
Cinq à Sept,Jerome Tie-Waist A-Line Midi-Dress,$445,$300,/static/images/jerome_tiewaist_aline_mididress.jpg
Balmain,Cotton Poplin Fit & Flare Minidress,"$1,990",$995,/static/images/cotton_poplin_fit_and_flare_minidress.jpg
SIMKHAI,Valletta Bustier Midi-Dress,$995,$495,/static/images/valletta_bustier_mididress.jpg
Milly,Mena Knit Midi-Dress,$495,$300,/static/images/mena_knit_mididress.jpg
Cinq à Sept,Lucilla Pleated Crepe Minidress,$445,$300,/static/images/lucilla_pleated_crepe_minidress.jpg
SIMKHAI,Nattie Textured Bubble Minidress,$495,$890,/static/images/nattie_textured_bubble_minidress.jpg
Ulla Johnson,Lakshmi Eyelet Maxi Dress,$890,"$3,090",/static/images/lakshmi_eyelet_maxi_dress.jpg
Oscar de la Renta,Oscar Chain-Detail Cotton Flounce-Hem Minidress,"$3,090","$1,195",/static/images/oscar_chaindetail_cotton_flouncehem_minidress.jpg
SACHIN BABI,Allison Embroidered Satin Fit & Flare Midi-Dress,"$1,195",$300,/static/images/allison_embroidered_satin_fit_and_flare_mididress.jpg
Butterfly Cut-Out Embellished Strapless Scuba,Cocktail Dress,$475,$300,/static/images/cocktail_dress.jpg
Milly,Anna Grand Fleur Evening Dress,$850,$300,/static/images/anna_grand_fleur_evening_dress.jpg
Elie Tahari,The Jan Pleated Midi-Sweaterdress,$325,$300,/static/images/the_jan_pleated_midisweaterdress.jpg
ALICE + OLIVIA,Henrietta Belted Faux-Leather Minidress,$495,$300,/static/images/henrietta_belted_fauxleather_minidress.jpg
Mac Duggal,Sequined Asymmetric Gown,$398,$845,/static/images/sequined_asymmetric_gown.jpg
SIMKHAI,Ziva Embellished Minidress,$845,$595,/static/images/ziva_embellished_minidress.jpg
Ramy Brook,Zelda Floral Burnout Halter Maxi Dress,$595,$300,/static/images/zelda_floral_burnout_halter_maxi_dress.jpg
Altuzarra,Nelly Floral-Embroidered Mesh Knit Maxi Dress,"$1,495",$300,/static/images/nelly_floralembroidered_mesh_knit_maxi_dress.jpg
SIMKHAI,Annette Tie-Waist Cape Gown,"$1,295",$465,/static/images/annette_tiewaist_cape_gown.jpg
Generation Love,Isabel Embellished Strapless Crepe Minidress,$465,$300,/static/images/isabel_embellished_strapless_crepe_minidress.jpg
Mac Duggal,Floral Embroidered Linen Strapless Trapeze Gown,$558,$385,/static/images/floral_embroidered_linen_strapless_trapeze_gown.jpg
Milly,Paillette Sequined Crochet Cover-Up Minidress,$385,$300,/static/images/paillette_sequined_crochet_coverup_minidress.jpg
Cinq à Sept,Nova Short-Sleeve Denim Minidress,$395,$595,/static/images/nova_shortsleeve_denim_minidress.jpg
Toccin,Fleur Mixed-Media Midi-Dress,$595,$300,/static/images/fleur_mixedmedia_mididress.jpg
Amur,Calypso Lace Halter Midi-Dress,$698,$300,/static/images/calypso_lace_halter_mididress.jpg
Shoshanna,Remington Strapless Cocktail Dress,$635,$300,/static/images/remington_strapless_cocktail_dress.jpg
Staud,Gwen Cotton Poplin A-Line Minidress,$345,$300,/static/images/gwen_cotton_poplin_aline_minidress.jpg
Marella,Embroidered Poplin Dress,$555,$798,/static/images/embroidered_poplin_dress.jpg
Veronica Beard,Teresia Lace Minidress,$798,"$1,798",/static/images/teresia_lace_minidress.jpg
Bow-Detail Bead-Embellished Organza Strapless,Gown,"$1,798","$1,798",/static/images/gown.jpg
Toteme,Sculpted Cotton Maxi Dress,"$1,180",$348,/static/images/sculpted_cotton_maxi_dress.jpg
Dress The Population,Fall Francesca Cocktail Minidress,$348,$300,/static/images/fall_francesca_cocktail_minidress.jpg
Self-Portrait,Satin Georgette Lace-Trimmed Maxi Dress,$780,"$6,200",/static/images/satin_georgette_lacetrimmed_maxi_dress.jpg
Valentino Garavani,Embroidered Crepe Couture Short Dress,"$6,200",$495,/static/images/embroidered_crepe_couture_short_dress.jpg
Nicholas the Label,Vicky Pleated Linen-Blend Midi-Dress,$495,$300,/static/images/vicky_pleated_linenblend_mididress.jpg
Staud,Josie Floral Jacquard Midi-Shiftdress,$695,$300,/static/images/josie_floral_jacquard_midishiftdress.jpg
Hervé Léger,The Champagne Bandage Minidress,$395,$300,/static/images/the_champagne_bandage_minidress.jpg
Et Ochs,Selena Ruched Strapless Gown,$598,$300,/static/images/selena_ruched_strapless_gown.jpg
Cinq à Sept,Zelda Belted Midi-Dress,$425,"$2,225",/static/images/zelda_belted_mididress.jpg
Erdem,Appliqué Cotton Midi-Shirtdress,"$2,225",$300,/static/images/applique_cotton_midishirtdress.jpg
Toteme,Slouch Cotton-Linen Shirtdress,$720,$298,/static/images/slouch_cottonlinen_shirtdress.jpg
Shoshanna,Floral Cotton-Blend Mini-Shirtdress,$298,$300,/static/images/floral_cottonblend_minishirtdress.jpg
SIGN UP FOR DAILY EMAILS,Enter Your Email Address,,,/static/images/enter_your_email_address.jpg
Stella McCartney,Sculpted Column Gown,"$2,400","$1,125",/static/images/sculpted_column_gown.jpg
Zimmermann,Luna Tiered Lace Frill Minidress,"$1,125","$1,125",/static/images/luna_tiered_lace_frill_minidress.jpg
Milly,Ariel Cady 3D Lace Minidress,$450,$300,/static/images/ariel_cady_3d_lace_minidress.jpg
Bronx Banco,Chloe Embroidered Strapless Minidress,"$1,100",$300,/static/images/chloe_embroidered_strapless_minidress.jpg
Zhivago,Dream Of That Strapless Floral Applique Gown,"$1,125",$300,/static/images/dream_of_that_strapless_floral_applique_gown.jpg
Brunello Cucinelli,Viscose And Linen Fluid Twill Mini Dress,"$2,500",$425,/static/images/viscose_and_linen_fluid_twill_mini_dress.jpg
A.L.C.,Sophia Shift Halterneck Minidress,$425,"$1,295",/static/images/sophia_shift_halterneck_minidress.jpg
SIMKHAI,Alicia Lace Midi-Dress,"$1,295",$890,/static/images/alicia_lace_mididress.jpg
Chiara Boni La Petite Robe,Alima Wrap Peplum Midi-Dress,$890,$300,/static/images/alima_wrap_peplum_mididress.jpg
Oscar de la Renta,Point D'Esprit Strapless Ballgown,"$18,990",$950,/static/images/point_desprit_strapless_ballgown.jpg
Zhivago,Odette Floral Applique Tea-Length Dress,$950,$300,/static/images/odette_floral_applique_tealength_dress.jpg
3.1 Phillip Lim,Floral-Appliquéd Layered Midi-Dress,$995,$300,/static/images/floralappliqued_layered_mididress.jpg
Mac Duggal,Petite High-Low Bubble Hem Satin Gown,$598,$425,/static/images/petite_highlow_bubble_hem_satin_gown.jpg
Milly,Haddy Pleated Midi-Dress,$425,$300,/static/images/haddy_pleated_mididress.jpg
Mac Duggal,Petite Leena 1 Classic A-Line V-Neck Ballgown,$398,$895,/static/images/petite_leena_1_classic_aline_vneck_ballgown.jpg
Naya Keyhole Silk-Blend Crepe de Chine Shift,Minidress,$895,$300,/static/images/minidress.jpg
Ungaro,Meadow Floral Lace Halter Maxi Dress,$995,$300,/static/images/meadow_floral_lace_halter_maxi_dress.jpg
Dress The Population,Anica Sequin Pointed Bodice Strapless Minidress,$288,$300,/static/images/anica_sequin_pointed_bodice_strapless_minidress.jpg
Ganni,Floral Satin Cloqué A-Line Midi-Dress,$780,$300,/static/images/floral_satin_cloque_aline_mididress.jpg
Shoshanna,Azalea Ottoman-Knit Minidress,$550,$300,/static/images/azalea_ottomanknit_minidress.jpg
Adam Lippes,Cari Printed Cotton Midi-Dress,"$1,890",$300,/static/images/cari_printed_cotton_mididress.jpg
Nicholas the Label,Fabiana Cowlneck Satin Maxi Dress,$695,$300,/static/images/fabiana_cowlneck_satin_maxi_dress.jpg
Mac Duggal,Embellished Floral Lace Maxi Dress,$898,$898,/static/images/embellished_floral_lace_maxi_dress.jpg
Acler,Jackhill 3D Floral Minidress,$875,$300,/static/images/jackhill_3d_floral_minidress.jpg
Ramy Brook,Lily Appliquéd Strapless Minidress,$565,$300,/static/images/lily_appliqued_strapless_minidress.jpg
PatBO,Seaweed Shell Embroidered Cotton Midi-Dress,$895,$640,/static/images/seaweed_shell_embroidered_cotton_mididress.jpg
Shoshanna,Ester Lace Strapless Minidress,$640,$300,/static/images/ester_lace_strapless_minidress.jpg
Ungaro,Abigal Satin Cape Gown,"$1,295",$300,/static/images/abigal_satin_cape_gown.jpg
Monique Lhuillier,Floral Appliqué Scoopneck Cocktail Dress,"$3,295",$300,/static/images/floral_applique_scoopneck_cocktail_dress.jpg
Zimmermann,Dawning Petal Linen-Silk Midi-Dress,"$2,100","$2,450",/static/images/dawning_petal_linensilk_mididress.jpg
Givenchy,Sliced Long Dress in Crepe Cady,"$2,450",$598,/static/images/sliced_long_dress_in_crepe_cady.jpg
Mac Duggal,Mesh Ruffle Flutter-Sleeve Midi-Dress,$598,"$1,900",/static/images/mesh_ruffle_fluttersleeve_mididress.jpg
Ulla Johnson,Annalisa Crochet Maxi Dress,"$1,900","$8,000",/static/images/annalisa_crochet_maxi_dress.jpg
Prada,Long Floral Print Silk and Wool Dress,"$8,000","$1,690",/static/images/long_floral_print_silk_and_wool_dress.jpg
Proenza Schouler,Virginie Fringe Embroidered Midi-Dress,"$1,690","$1,690",/static/images/virginie_fringe_embroidered_mididress.jpg
Versace,Wool Crepe Belted Minidress,"$3,450",$475,/static/images/wool_crepe_belted_minidress.jpg
Milly,Nalani Pleated Midi-Dress,$475,$300,/static/images/nalani_pleated_mididress.jpg
SIMKHAI,Audria Belted Midi-Shirtdress,$595,"$2,295",/static/images/audria_belted_midishirtdress.jpg
Jason Wu Collection,Embellished Washed-Twill Cap-Sleeve Gown,"$2,295",$300,/static/images/embellished_washedtwill_capsleeve_gown.jpg
Hervé Léger,The Donna Pointelle-Knit Fit & Flare Minidress,$790,$300,/static/images/the_donna_pointelleknit_fit_and_flare_minidress.jpg
Amur,Galilea Ruched Midi-Dress,$398,$300,/static/images/galilea_ruched_mididress.jpg
Aknvas,Nora Ruffled Shift Minidress,$695,$300,/static/images/nora_ruffled_shift_minidress.jpg
Brunello Cucinelli,Dazzling Degrade Mini Dress in Cotton and Silk Fil,"$9,900","$3,200",/static/images/dazzling_degrade_mini_dress_in_cotton_and_silk_fil.jpg
Khaite,Loell Scarf Midi-Dress,"$3,200",$495,/static/images/loell_scarf_mididress.jpg
Ramy Brook,Ari Sequinned Minidress,$495,$300,/static/images/ari_sequinned_minidress.jpg
The New Arrivals Ilkyaz Ozel,Lydia Sequined Cowlneck Minidress,"$1,750",$300,/static/images/lydia_sequined_cowlneck_minidress.jpg
Oscar de la Renta,Alliums-Print Jersey Maxi Dress,"$2,690","$1,990",/static/images/alliumsprint_jersey_maxi_dress.jpg
Carolina Herrera,Leaf-Embroidered Knit Maxi Dress,"$1,990","$3,550",/static/images/leafembroidered_knit_maxi_dress.jpg
Miu Miu,Embroidered Slubbed Canvas Mini-Dress,"$3,550","$3,550",/static/images/embroidered_slubbed_canvas_minidress.jpg
Giambattista Valli,Sequined Tweed Bouclé Minidress,"$3,550",$300,/static/images/sequined_tweed_boucle_minidress.jpg
Prada,Floral Print Silk and Wool Dress,"$6,500","$10,490",/static/images/floral_print_silk_and_wool_dress.jpg
Ulla Johnson,Sigrid Cotton-Blend Lace Gown,"$1,700",$195,/static/images/sigrid_cottonblend_lace_gown.jpg
Staud,Wells Mini Dress,$195,$300,/static/images/wells_mini_dress.jpg
The Attico,Feather-Trimmed Minidress,"$1,750",$300,/static/images/feathertrimmed_minidress.jpg
SIMKHAI,Lilibeth Floral Sleeveless Midi-Dress,"$1,295",$695,/static/images/lilibeth_floral_sleeveless_mididress.jpg
PatBO,Aquamist Floral Appliqué Minidress,$695,$798,/static/images/aquamist_floral_applique_minidress.jpg
Mac Duggal,Embellished Satin Strapless Ball Gown,$798,$798,/static/images/embellished_satin_strapless_ball_gown.jpg
Staud,Marieta Faille V-Neck Midi-Dress,$475,$300,/static/images/marieta_faille_vneck_mididress.jpg
Brunello Cucinelli,Crispy Silk Maxi Dress with Monili,"$7,500","$1,125",/static/images/crispy_silk_maxi_dress_with_monili.jpg
Zhivago,Aonia Floral Appliqué Mermaid Gown,"$1,125",$300,/static/images/aonia_floral_applique_mermaid_gown.jpg
rag & bone,Kali Sequin-Embellished A-Line Minidress,$568,$300,/static/images/kali_sequinembellished_aline_minidress.jpg
Khaite,Adira Cotton Midi-Dress,"$1,980",$855,/static/images/adira_cotton_mididress.jpg
Rebecca Vallance,Irena Embroidered Halterneck Midi-Dress,$855,$300,/static/images/irena_embroidered_halterneck_mididress.jpg
Oscar de la Renta,Porcelain Floral Strapless Cocktail Dress,"$5,490",$290,/static/images/porcelain_floral_strapless_cocktail_dress.jpg
Loulou de Saison,Igari Asymmetric Pleated Dress,$290,$300,/static/images/igari_asymmetric_pleated_dress.jpg
Oscar de la Renta,Porcelain Flowers Jacquard Minidress,"$3,690","$8,290",/static/images/porcelain_flowers_jacquard_minidress.jpg
TOM FORD,Stretch-Silk Georgette Column Gown,"$8,290",$745,/static/images/stretchsilk_georgette_column_gown.jpg
SIMKHAI,Cailinn Appliqué Linen-Blend Minidress,$745,$815,/static/images/cailinn_applique_linenblend_minidress.jpg
Loulou de Saison,Susan Twisted Collar Silk Midi-Dress,$815,$300,/static/images/susan_twisted_collar_silk_mididress.jpg
Simone Rocha,3D Floral Appliqué Drop Waist Cotton Midi-Dress,"$1,430",$300,/static/images/3d_floral_applique_drop_waist_cotton_mididress.jpg
Teri Jon by Rickie Freeman,Crepe Flower Print Minidress,$590,$388,/static/images/crepe_flower_print_minidress.jpg
Dress The Population,Adeline Sequined Floral-Appliqué Minidress,$388,$300,/static/images/adeline_sequined_floralapplique_minidress.jpg
A.L.C.,Eliana Lace Strapless Minidress,$550,$598,/static/images/eliana_lace_strapless_minidress.jpg
Retrofête,Flavio Floral Lace Minidress,$598,$300,/static/images/flavio_floral_lace_minidress.jpg
Alberta Ferretti,Floral Wood-Blend Midi-Dress,"$1,765",$300,/static/images/floral_woodblend_mididress.jpg
Nicholas the Label,Milena Strapless Satin-Georgette Gown,$795,$300,/static/images/milena_strapless_satingeorgette_gown.jpg
Retrofête,Xylina Lace Minidress,$598,$300,/static/images/xylina_lace_minidress.jpg
Toteme,Mohair Knit Tank Midi-Dress,"$1,040","$1,390",/static/images/mohair_knit_tank_mididress.jpg
Adam Lippes,Sloan Compact Jacquard Midi-Dress,"$1,390",$300,/static/images/sloan_compact_jacquard_mididress.jpg
Prada,Sablé Dress,"$4,600",$495,/static/images/sable_dress.jpg
Cinq à Sept,Asilia Paper Floral Organza Midi-Dress,$495,$148.49,/static/images/asilia_paper_floral_organza_mididress.jpg
Bronx Banco,Sabrina Embroidered A-Line Midi-Dress,$850,$300,/static/images/sabrina_embroidered_aline_mididress.jpg
DÔEN,Tahlia Floral Silk V-Neck Midi-Dress,$548,$748,/static/images/tahlia_floral_silk_vneck_mididress.jpg
Dress The Population,Monica Embroidered Silk Sleeveless Gown,$748,$300,/static/images/monica_embroidered_silk_sleeveless_gown.jpg
LaPointe,Satin Feather-Hem Shift Minidress,"$1,650",$300,/static/images/satin_featherhem_shift_minidress.jpg
Brandon Maxwell,The Bridges Mixed Media Maxi Dress,"$2,100",$300,/static/images/the_bridges_mixed_media_maxi_dress.jpg
Chiara Boni La Petite Robe,Flower-Appliquéd Stretch Cotton Maxi Dress,"$1,090",$300,/static/images/flowerappliqued_stretch_cotton_maxi_dress.jpg
Staud,Joy Cotton-Blend Flared A-Line Minidress,$395,$300,/static/images/joy_cottonblend_flared_aline_minidress.jpg
The Attico,Poplin Cotton Gathered Minidress,"$1,550",$300,/static/images/poplin_cotton_gathered_minidress.jpg
ALICE + OLIVIA,Meeko Cotton Mini Shirtdress,$395,$300,/static/images/meeko_cotton_mini_shirtdress.jpg
Proenza Schouler,Blanca Compact Ruffle Dress,"$2,290",$595,/static/images/blanca_compact_ruffle_dress.jpg
SIMKHAI,Eloise Lace Maxi Dress,$595,$595,/static/images/eloise_lace_maxi_dress.jpg
Staud,Calla Halter Maxi Dress,$550,$300,/static/images/calla_halter_maxi_dress.jpg
Amsale,One-Shoulder Bow Back Satin Dress,$675,$300,/static/images/oneshoulder_bow_back_satin_dress.jpg
Zimmermann,Daylight Waisted Linen Maxi Dress,"$1,750","$1,750",/static/images/daylight_waisted_linen_maxi_dress.jpg
Likely,Riello Textured Minidress,$278,$300,/static/images/riello_textured_minidress.jpg
Likely,Marie Bow Minidress,$248,$92.99,/static/images/marie_bow_minidress.jpg
Reformation,Linda Satin Dress,$398,$348,/static/images/linda_satin_dress.jpg
Reformation,Jeany Silk Maxi Dress,$348,$218,/static/images/jeany_silk_maxi_dress.jpg
Reformation,Rhia Cotton-Blend Knit Minidress,$218,"$3,900",/static/images/rhia_cottonblend_knit_minidress.jpg
Alaïa,Asymmetrical Cotton Minidress,"$3,900","$1,560",/static/images/asymmetrical_cotton_minidress.jpg
SACHIN BABI,Ophelia Bow-Detailed Minidress,$795,$300,/static/images/ophelia_bowdetailed_minidress.jpg
Amsale,Satin Mini Fit & Flare Cocktail Dress,$795,$300,/static/images/satin_mini_fit_and_flare_cocktail_dress.jpg
Bronx Banco,Mademoiselle Bridal Midi-Dress,$880,$300,/static/images/mademoiselle_bridal_mididress.jpg
Prada,Natté Minidress,"$3,850",$428,/static/images/natte_minidress.jpg
Ronny Kobo,Tuberose Cotton-Blend Halterneck Minidress,$428,$160.49,/static/images/tuberose_cottonblend_halterneck_minidress.jpg
Self-Portrait,Crêpe 3D Flower Minidress,$630,$780,/static/images/crpe_3d_flower_minidress.jpg
Bronx Banco,Jasmine Blanc Floral Appliqué Column Gown,$780,$300,/static/images/jasmine_blanc_floral_applique_column_gown.jpg
Bronx Banco,Megan Long-Sleeve Minidress,$480,$300,/static/images/megan_longsleeve_minidress.jpg
PatBO,Jade Embellished Halterneck Midi-Dress,$895,$895,/static/images/jade_embellished_halterneck_mididress.jpg
Mac Duggal,Embellished Lace Ruffled Sweetheart Midi-Dress,$458,$435,/static/images/embellished_lace_ruffled_sweetheart_mididress.jpg
Acler,Leven Embroidered Pleated Cotton Minidress,$435,$300,/static/images/leven_embroidered_pleated_cotton_minidress.jpg
Staud,Dena Stretch-Cotton Sleeveless Minidress,$295,$110.62,/static/images/dena_stretchcotton_sleeveless_minidress.jpg
Sabina Musáyev,Georgia Lace-Trimmed Sleeveless Minidress,$365,$300,/static/images/georgia_lacetrimmed_sleeveless_minidress.jpg
Reformation,Zenni Satin Minidress,$248,"$5,190",/static/images/zenni_satin_minidress.jpg
Oscar de la Renta,Foxgloves Guipure Lace Minidress,"$5,190","$5,190",/static/images/foxgloves_guipure_lace_minidress.jpg
Staud,Gia Sleeveless Maxi Dress,$795,$298.12,/static/images/gia_sleeveless_maxi_dress.jpg
Carolina Herrera,Draped One-Shoulder Column Gown,"$4,290",$750,/static/images/draped_oneshoulder_column_gown.jpg
SACHIN BABI,Farah Rose-Appliqué A-Line Minidress,$750,$300,/static/images/farah_roseapplique_aline_minidress.jpg
Teri Jon by Rickie Freeman,Crepe 3D Flower Imitation Pearl-Trim Minidress,$770,"$1,200",/static/images/crepe_3d_flower_imitation_pearltrim_minidress.jpg
Bronx Banco,Jasmine Floral Appliqué Mermaid Gown,"$1,200",$300,/static/images/jasmine_floral_applique_mermaid_gown.jpg
Hervé Léger,Cassia Pointelle-Knit Midi-Dress,$795,$300,/static/images/cassia_pointelleknit_mididress.jpg
Area,Core Crystal Bow V-Neck T-Shirt Dress,$695,$300,/static/images/core_crystal_bow_vneck_tshirt_dress.jpg
As It May,Alessie Lace Minidress,$445,$300,/static/images/alessie_lace_minidress.jpg
Self-Portrait,Bow-Detailed Floral Lace Sleeveless Minidress,$630,$248,/static/images/bowdetailed_floral_lace_sleeveless_minidress.jpg
Hill House Home,The Rosetta Nap Dress,$248,$845,/static/images/the_rosetta_nap_dress.jpg
SIMKHAI,McCall Crocheted Long-Sleeve Minidress,$845,$398,/static/images/mccall_crocheted_longsleeve_minidress.jpg
Mac Duggal,Classic Taffeta A-Line Gown,$398,$398,/static/images/classic_taffeta_aline_gown.jpg
Badgley Mischka,Origami Sleeve Dress,$465,$300,/static/images/origami_sleeve_dress.jpg
Likely,Drop 11 Seraphine Tweed Minidress,$328,$300,/static/images/drop_11_seraphine_tweed_minidress.jpg
Khaite,Lowen Front-Slit Sleeveless Column Gown,"$3,400",$425,/static/images/lowen_frontslit_sleeveless_column_gown.jpg
Loulou de Saison,Icaria Rib-Knit Midi-Dress,$425,$300,/static/images/icaria_ribknit_mididress.jpg
Rebecca Vallance,Pearly Embellished Crepe Minidress,$770,$300,/static/images/pearly_embellished_crepe_minidress.jpg
Nili Lotan,Della Lace Maxi Dress,$650,$650,/static/images/della_lace_maxi_dress.jpg
Oscar de la Renta,Porcelain Flowers Poplin Balloon-Sleeve Maxi Dress,"$3,890","$6,995",/static/images/porcelain_flowers_poplin_balloonsleeve_maxi_dress.jpg
Monique Lhuillier,Mirror Embellished Tulle Minidress,"$6,995",$300,/static/images/mirror_embellished_tulle_minidress.jpg
Prada,Silk Broadcloth Midi-Dress,"$5,600",$750,/static/images/silk_broadcloth_mididress.jpg
Milly,Sofia 3D Floral Lace Dress,$750,$300,/static/images/sofia_3d_floral_lace_dress.jpg
Amsale,Faille Knee-Length Bridal Dress,$550,$300,/static/images/faille_kneelength_bridal_dress.jpg
SIMKHAI,Kenlie Mixed-Media Bubble Skirt Midi-Dress,$845,$398,/static/images/kenlie_mixedmedia_bubble_skirt_mididress.jpg
Mac Duggal,Embellished Grid Sheath Slip Gown,$398,$875,/static/images/embellished_grid_sheath_slip_gown.jpg
Zhivago,Isadora Floral Applique Minidress,$875,$300,/static/images/isadora_floral_applique_minidress.jpg
Ramy Brook,Amara Lacework Minidress,$375,$300,/static/images/amara_lacework_minidress.jpg
Carolina Herrera,Crystal-Embellished Silk Strapless Minidress,"$4,490","$1,346.99",/static/images/crystalembellished_silk_strapless_minidress.jpg
Dress The Population,Kailyn Embroidered Fit & Flare Gown,$528,$300,/static/images/kailyn_embroidered_fit_and_flare_gown.jpg
Hemant & Nandita,Adra Ruched Lace Gown,$548,$205.49,/static/images/adra_ruched_lace_gown.jpg
Amanda Uprichard,Bowery Strapless Minidress,$255,$114.74,/static/images/bowery_strapless_minidress.jpg
Staud,Le Sable Sequined Fringe-Trimmed Minidress,$995,$300,/static/images/le_sable_sequined_fringetrimmed_minidress.jpg
Nili Lotan,Cami Silk Charmeuse Gown,$650,$595,/static/images/cami_silk_charmeuse_gown.jpg
SACHIN BABI,Kelsi One-Shoulder Minidress,$595,$238,/static/images/kelsi_oneshoulder_minidress.jpg
Halston,Laure Cape Satin Draped Minidress,$495,$300,/static/images/laure_cape_satin_draped_minidress.jpg
Prada,Asymmetrical Satin Crepe Dress,"$3,850","$5,990",/static/images/asymmetrical_satin_crepe_dress.jpg
Carolina Herrera,Pleated Gathered Rose-Effect Minidress,"$5,990",$550,/static/images/pleated_gathered_roseeffect_minidress.jpg
Rebecca Taylor,Priya Pleated Cotton Fit & Flare Midi-Dress,$550,$300,/static/images/priya_pleated_cotton_fit_and_flare_mididress.jpg
Ronny Kobo,Amira Ruched Maxi Dress,$548,$246.59,/static/images/amira_ruched_maxi_dress.jpg
SIMKHAI,Analise Linen-Blend Bustier Midi-Dress,$495,"$1,350",/static/images/analise_linenblend_bustier_mididress.jpg
The New Arrivals Ilkyaz Ozel,Cindy Backless Sequin Gown,"$1,350",$675,/static/images/cindy_backless_sequin_gown.jpg
Elliatt,Zayla Floral Lace Puff-Sleeve Minidress,$410,$300,/static/images/zayla_floral_lace_puffsleeve_minidress.jpg
Brandon Maxwell,The Blair Silk Sheath Midi-Dress,"$2,600","$1,040",/static/images/the_blair_silk_sheath_mididress.jpg
Chiara Boni La Petite Robe,Gosia One-Shoulder Gown,$995,$300,/static/images/gosia_oneshoulder_gown.jpg
Up to $300 Off with Code MAYGET,Dress The Population,$488,$300,/static/images/dress_the_population.jpg
DÔEN,Piper Belted Ruffled Minidress,$328,$550,/static/images/piper_belted_ruffled_minidress.jpg
Bronx Banco,Maia Lace Long-Sleeve Minidress,$550,$300,/static/images/maia_lace_longsleeve_minidress.jpg
Likely,Lula Off-The-Shoulder Minidress,$348,$130.49,/static/images/lula_offtheshoulder_minidress.jpg
Elliatt,Optics Floral Lace Peplum Dress,$280,$300,/static/images/optics_floral_lace_peplum_dress.jpg
Amsale,Faille Fit-&-Flare Midi-Dress,$385,$300,/static/images/faille_fitandflare_mididress.jpg
Bronx Banco,Jasmine Maraya Floral Minidress,$750,$300,/static/images/jasmine_maraya_floral_minidress.jpg
Amsale,Strapless Silk Faille Bow Dress,$385,$300,/static/images/strapless_silk_faille_bow_dress.jpg
Amsale,Mikado Off-The-Shoulder Shift Dress,$385,$300,/static/images/mikado_offtheshoulder_shift_dress.jpg
Elliatt,Elder Embellished Minidress,$239,$300,/static/images/elder_embellished_minidress.jpg
Amsale,Duchesse Satin Strapless Dress,$385,$300,/static/images/duchesse_satin_strapless_dress.jpg
Mac Duggal,Ieena Jersey Asymmetric Gown,$238,$348,/static/images/ieena_jersey_asymmetric_gown.jpg
Reformation,Kairo Crepe Midi-Dress,$348,$174,/static/images/kairo_crepe_mididress.jpg
Elliatt,Callista Floral Lace Minidress,$365,$182.50,/static/images/callista_floral_lace_minidress.jpg
Norma Kamali,Asymmetric Strapless Lamé Gown,$195,$136.50,/static/images/asymmetric_strapless_lame_gown.jpg
Norma Kamali,Racerback Fishtail Gown,$325,$121.87,/static/images/racerback_fishtail_gown.jpg
Cinq à Sept,Marian Draped Gown,$695,$300,/static/images/marian_draped_gown.jpg
Amsale,Faille Deep V-Neck Dress,$385,$300,/static/images/faille_deep_vneck_dress.jpg
Likely,Hara Dress,$228,$114,/static/images/hara_dress.jpg
A.L.C.,Inez Satin Halter Dress,$495,$695,/static/images/inez_satin_halter_dress.jpg
Ramy Brook,Catrin Waterfall Hi-Low Gown,$695,$234.55,/static/images/catrin_waterfall_hilow_gown.jpg
SIMKHAI,Charlotte Embellished Jacquard Midi-Dress,"$1,295",$906.50,/static/images/charlotte_embellished_jacquard_mididress.jpg
SIMKHAI,Bryony Corseted Maxi Dress,$895,$626.50,/static/images/bryony_corseted_maxi_dress.jpg
SIMKHAI,Daila Floral Appliqué Sleeveless Maxi Dress,$745,$521.50,/static/images/daila_floral_applique_sleeveless_maxi_dress.jpg
A.L.C.,Eden Botanical Lace Minidress,$695,$278,/static/images/eden_botanical_lace_minidress.jpg
Nicholas the Label,Kaline Strapless Bustier Satin Minidress,$595,$416.50,/static/images/kaline_strapless_bustier_satin_minidress.jpg
Ronny Kobo,Amalyia Lace Maxi Dress,$598,$418.60,/static/images/amalyia_lace_maxi_dress.jpg
Cinq à Sept,Randa Split-Sleeve Turtleneck Minidress,$395,$237,/static/images/randa_splitsleeve_turtleneck_minidress.jpg
Faithfull the Brand,Maya Floral Eyelet Cotton-Blend Midi-Dress,$340,$127.49,/static/images/maya_floral_eyelet_cottonblend_mididress.jpg
Veronica Beard,Amberg Cotton-Linen Minidress,$698,$418.80,/static/images/amberg_cottonlinen_minidress.jpg
Milly,Raven Feather-Trim Metallic Tweed Minidress,$595,$297.50,/static/images/raven_feathertrim_metallic_tweed_minidress.jpg
Balmain,Tartan Flared Minidress,"$2,550","$1,530",/static/images/tartan_flared_minidress.jpg
Staud,Isa Eyelet Maxi Dress,$550,$206.24,/static/images/isa_eyelet_maxi_dress.jpg
Rebecca Vallance,Deliah High-Waisted Midi-Dress,"$1,360",$952,/static/images/deliah_highwaisted_mididress.jpg
Significant Other,Maddie Braided Bust Midi-Dress,$350,$157.49,/static/images/maddie_braided_bust_mididress.jpg
Favorite Daughter,The Truly Madly Minidress,$288,$201.60,/static/images/the_truly_madly_minidress.jpg
Likely,Sariah Sequined Bow Strapless Midi-Dress,$368,$257.60,/static/images/sariah_sequined_bow_strapless_mididress.jpg
Toccin,Gramercy Lace A-Line Minidress,$695,$347.50,/static/images/gramercy_lace_aline_minidress.jpg
Ramy Brook,Lynn Metallic Chain Midi-Dress,$495,$247.50,/static/images/lynn_metallic_chain_mididress.jpg
Acler,Croanford Appliqué Minidress,$545,$272.50,/static/images/croanford_applique_minidress.jpg
Generation Love,Garcia Lace Halterneck Maxi Dress,$365,$182.50,/static/images/garcia_lace_halterneck_maxi_dress.jpg
Chiara Boni La Petite Robe,Ryosei Sequined Column Gown,"$1,295",$582.75,/static/images/ryosei_sequined_column_gown.jpg
Embroidered Cotton Voile & Chiffon Knee-Length,Dress,$750,$450,/static/images/dress.jpg
Generation Love,Vincent Crystal Pointelle-Knit Maxi Dress,$295,$206.50,/static/images/vincent_crystal_pointelleknit_maxi_dress.jpg
Zhivago,Battle Lines Floral-Embellished Vendetta Dress,$750,$375,/static/images/battle_lines_floralembellished_vendetta_dress.jpg
LoveShackFancy,Laurelin Lace Halter Minidress,$345,$129.37,/static/images/laurelin_lace_halter_minidress.jpg
Cinq à Sept,Vineyard Lace Minidress,$395,$276.50,/static/images/vineyard_lace_minidress.jpg
Nonchalant Label,Piper Sleeveless Minidress,$278,$125.09,/static/images/piper_sleeveless_minidress.jpg
Amsale,Pleated Strapless Cocktail Dress,$795,$397.50,/static/images/pleated_strapless_cocktail_dress.jpg
SACHIN BABI,Sadie Embellished Lace Strapless Cocktail Dress,$895,$358,/static/images/sadie_embellished_lace_strapless_cocktail_dress.jpg
Dress The Population,Marissa Puff-Sleeve Lace Minidress,$298,$119.20,/static/images/marissa_puffsleeve_lace_minidress.jpg
Amsale,Mikado A-Line Midi-Dress,$695,$486.50,/static/images/mikado_aline_mididress.jpg
Amsale,Crepe Draped One-Shoulder Midi-Dress,$775,$387.50,/static/images/crepe_draped_oneshoulder_mididress.jpg
Ramy Brook,Pina Slip Midi-Dress,$645,$217.68,/static/images/pina_slip_mididress.jpg
As It May,Aurele Tulle Fit & Flare Midi-Dress,$645,$193.49,/static/images/aurele_tulle_fit_and_flare_mididress.jpg
Amsale,Draped Cowlneck Midi-Dress,$775,$387.50,/static/images/draped_cowlneck_mididress.jpg
Dress The Population,Kailyn Floral Fit & Flare Midi-Dress,$488,$195.20,/static/images/kailyn_floral_fit_and_flare_mididress.jpg
SIMKHAI,Lollie Sequined A-Line Minidress,$357,$356.99,/static/images/lollie_sequined_aline_minidress.jpg
SACHIN BABI,Parker Beaded Shift Dress,$795,$477,/static/images/parker_beaded_shift_dress.jpg
Nicholas the Label,Valentina Sleeveless Train Minidress,$595,$223.12,/static/images/valentina_sleeveless_train_minidress.jpg
Likely,Drop 7 Dilana Guipure Lace Midi-Dress,$149,$348,/static/images/drop_7_dilana_guipure_lace_mididress.jpg
SWF,Lace Bell-Sleeve Minidress,$348,$130.49,/static/images/lace_bellsleeve_minidress.jpg
Elliatt,The New Bride Darcy Embellished Mesh Gown,$585,$292.50,/static/images/the_new_bride_darcy_embellished_mesh_gown.jpg
Norma Kamali,Strapless Side Slit Column Gown,$160,$112,/static/images/strapless_side_slit_column_gown.jpg
Cinq à Sept,Beta Ruffled-Hem Minidress,$395,$158,/static/images/beta_ruffledhem_minidress.jpg
Amsale,Rose Fil Coupe Fit-&-Flare Dress,$495,$247.50,/static/images/rose_fil_coupe_fitandflare_dress.jpg
Likely,Cameron Feather & Crystal Minidress,$398,$278.60,/static/images/cameron_feather_and_crystal_minidress.jpg
Norma Kamali,Diana Fringed Fishtail Gown,$295,$147.50,/static/images/diana_fringed_fishtail_gown.jpg
Alexia María,Ella Silk Faille Bow Minidress,"$1,125",$562.50,/static/images/ella_silk_faille_bow_minidress.jpg
Amsale,Duchess Satin Sheath Dress,$355,$177.50,/static/images/duchess_satin_sheath_dress.jpg
Givenchy,Draped Evening Dress,"$4,500","$4,500",/static/images/draped_evening_dress.jpg
